sku,sku
BB 02,BB02
BB 03,BB03
BB 04,BB04
BB 07,BB07
BB 08,BB08
BB 09,BB09
BB 10,BB10
BB 13,BB13
BB 15,BB15
BB 17,BB17
BB 24,BB24
BB 25,BB25
BB 27,BB27
BB 29,BB29
BB 31,BB31
BB 32,BB32
BB 33,BB33
BB 36,BB36
BB 40,BB40
BB 43,BB43
BB 44,BB44
BB 50,BB50
BB 54,BB54
BB 74,BB74
BB 77,BB77
BB 78,BB78
BB 87,BB87
BB 87,BB87
BB 88,BB88
BB 89,BB89
BB 95,BB95
BB 100,BB100
BB 102,BB102
BB 108,BB108
BB 121,BB121
BB 122,BB122
BB 123,BB123
GBB 01,GBB01
GBB 02,GBB02
GBB 03,GBB03
GBB 04,GBB04
GBB 05,GBB05
LB 01,LB01
LB 02,LB02
LB 03,LB03
LB 04,LB04
LB 05,LB05
LB 06,LB06
LB 07,LB07
LB 08,LB08
LB 09,LB09
LB 10,LB10
LB 12,LB12
LB 16,LB16
LB 17,LB17
LB 18,LB18
LB 21,LB21
LB 22,LB22
LB 25,LB25
LB 26,LB26
LB 28,LB28
LB 30,LB30
LB 31,LB31
LB 32,LB32
LB 33,LB33
LB 34,LB34
LB 35,LB35
LB 36,LB36
LB 37,LB37
LB 39,LB39
LB 40,LB40
LB 41,LB41
LB 42,LB42
LB 43,LB43
LB 44,LB44
LB 45,LB45
LB 47,LB47
LB 48,LB48
LB 49,LB49
LB 50,LB50
LB 51,LB51
LB 53,LB53
LB 54,LB54
LB 56,LB56
LB 57,LB57
LB 58,LB58
LB 59,LB59
LB 60,LB60
LB 61,LB61
LB 62,LB62
LB 64,LB64
LB 65,LB65
LB 66,LB66
LB 67,LB67
LB 68,LB68
LB 69,LB69
LB 70,LB70
LB 71,LB71
LB 72,LB72
LB 73,LB73
LB 74,LB74
LB 75,LB75
LB 76,LB76
LB 77,LB77
LB 78,LB78
LB 79,LB79
LB 80,LB80
LB 81,LB81
LB 82,LB82
LB 83,LB83
LB 84,LB84
LB 85,LB85
LB 86,LB86
LB 87,LB87
LB 88,LB88
LB 89,LB89
LB 90,LB90
LB 91,LB91
LB 92,LB92
LB 93,LB93
LB 94,LB94
LB 95,LB95
LB 96,LB96
LB 97,LB97
LB 98,LB98
LB 99,LB99
LB 100,LB100
LB 101,LB101
LB 102,LB102
LB 103,LB103
LB 104,LB104
LB 105,LB105
LB 106,LB106
LB 107,LB107
LB 108,LB108
LB 109,LB109
LB 110,LB110
LB 113,LB113
LB 114,LB114
LB 115,LB115
LB 116,LB116
LB 117,LB117
LB 118,LB118
LB 123,LB123
LB 124,LB124
LB 125,LB125
LB 126,LB126
LB 127,LB127
LB 128,LB128
LB 129,LB129
LB 130,LB130
LB 131,LB131
LB 132,LB132
LB 133,LB133
LB 134,LB134
LB 135,LB135
LB 136,LB136
LB 137,LB137
LB 139,LB139
LB 140,LB140
LB 141,LB141
LB 142,LB142
LB 143,LB143
LB 145,LB145
LB 146,LB146
LB 147,LB147
LB 148,LB148
LB 149,LB149
LB 150,LB150
LB 151,LB151
LB 152,LB152
LB 154,LB154
LB 156,LB156
LB 157,LB157
LB 158,LB158
LB 159,LB159
LB 160,LB160
LB 161,LB161
LB 162,LB162
LB 165,LB165
LB 166,LB166
LB 167,LB167
LB 168,LB168
LB 169,LB169
LB 170,LB170
LB 171,LB171
LB 172,LB172
LB 173,LB173
LB 174,LB174
LB 175,LB175
LB 179,LB179
LB 181,LB181
LB 184,LB184
LB 186,LB186
LB 187,LB187
LB 188,LB188
LB 189,LB189
LB 190,LB190
LB 191,LB191
LB 194,LB194
LB 196,LB196
LB 197,LB197
LB 198,LB198
LB 199,LB199
LB 200,LB200
LB 201,LB201
LB 203,LB203
LB 204,LB204
LB 205,LB205
LB 206,LB206
LB 207,LB207
LB 208,LB208
LB 209,LB209
LB 210,LB210
LB 211,LB211
LB 212,LB212
LB 213,LB213
LB 214,LB214
LB 215,LB215
LB 216,LB216
LB 217,LB217
LB 218,LB218
LB 219,LB219
LB 220,LB220
LB 222,LB222
LB 223,LB223
LB 224,LB224
LB 226,LB226
LB 228,LB228
LB 230,LB230
LB 231,LB231
LB 232,LB232
LB 233,LB233
LB 234,LB234
LB 235,LB235
LB 236,LB236
LB 237,LB237
LB 239,LB239
LB 240,LB240
LB 241,LB241
LB 242,LB242
LB 243,LB243
LB 244,LB244
LB 245,LB245
LB 246,LB246
LB 247,LB247
LB 248,LB248
LB 249,LB249
LB 250,LB250
LB 251,LB251
LB 252,LB252
LB 253,LB253
LB 254,LB254
LB 255,LB255
LB 256,LB256
LB 258,LB258
LB 259,LB259
LB 260,LB260
LB 261,LB261
LB 262,LB262
LB 263,LB263
LB 265,LB265
LB 266,LB266
LB 268,LB268
LB 269,LB269
LB 271,LB271
LB 272,LB272
LB 273,LB273
LB 274,LB274
LB 277,LB277
LB 279,LB279
LB 280,LB280
LB 281,LB281
LB 282,LB282
LB 283,LB283
LB 284,LB284
LB 285,LB285
LB 287,LB287
LB 291,LB291
LB 294,LB294
LB 296,LB296
LB 298,LB298
LB 300,LB300
LB 301,LB301
LB 302,LB302
LB 303,LB303
LB 304,LB304
LB 305,LB305
LB 306,LB306
SB 01,SB01
SB 02,SB02
SB 03,SB03
SB 04,SB04
SB 06,SB06
SB 07,SB07
SB 08,SB08
SB 09,SB09
SB 10,SB10
SB 11,SB11
SB 12,SB12
SB 13,SB13
SB 14,SB14
SB 15,SB15
SB 17,SB17
SB 18,SB18
SB 19,SB19
SB 21,SB21
SB 22,SB22
SB 23,SB23
SB 24,SB24
SB 25,SB25
SB 26,SB26
SB 27,SB27
SB 28,SB28
SB 29,SB29
SB 31,SB31
SB 32,SB32
SB 33,SB33
SB 34,SB34
SB 36,SB36
SB 37,SB37
SB 38,SB38
SB 39,SB39
SB 40,SB40
SB 41,SB41
SB 43,SB43
SB 44,SB44
SB 45,SB45
SB 46,SB46
SB 47,SB47
SB 48,SB48
SB 49,SB49
SB 50,SB50
SB 51,SB51
SB 54,SB54
SB 55,SB55
SB 56,SB56
SB 57,SB57
SB 58,SB58
SB 61,SB61
RB 07,RB07
RB 08,RB08
RB 09,RB09
RB 10,RB10
RB 11,RB11
RB 12,RB12
RB 13,RB13
RB 14,RB14
RB 15,RB15
RB 16,RB16
RB 17,RB17
RB 18,RB18
RB 19,RB19
RB 20,RB20
RB 21,RB21
RB 22,RB22
RB 23,RB23
RB 24,RB24
RB 25,RB25
RB 26,RB26
RB 27,RB27
RB 28,RB28
RB 29,RB29
RB 30,RB30
RB 31,RB31
RB 32,RB32
RB 33,RB33
RB 34,RB34
RB 35,RB35
RB 36,RB36
RB 37,RB37
RB 38,RB38
RB 40,RB40
RB 41,RB41
RB 42,RB42
RB 43,RB43
RB 44,RB44
RB 45,RB45
RB 46,RB46
RB 47,RB47
RB 48,RB48
RB 51,RB51
RB 52,RB52
RB 53,RB53
RB 54,RB54
RB 55,RB55
RB 56,RB56
RB 57,RB57
RB 58,RB58
RB 59,RB59
RB 60,RB60
AKS 05,AKS05
KN 03,KN03
KN 05,KN05
KN 06,KN06
KN 07,KN07
KN 09,KN09
KN 12,KN12
KN 14,KN14
KN 16,KN16
KN 17,KN17
KN 19,KN19
KN 20,KN20
KN 21,KN21
KN 23,KN23
KN 24,KN24
KN 25,KN25
KN 26,KN26
BS 13,BS13
BS 14,BS14
BS 15,BS15
BS 16,BS16
BS 17,BS17
BS 18,BS18
BS 19,BS19
BS 30,BS30
BS 31,BS31
BS 46,BS46
BS 50,BS50
BS 54 ,BS54
BS 55,BS55
BS 58,BS58
BS 63,BS63
BS 64,BS64
BS 66,BS66
BS 72,BS72
BS 73,BS73
BS 75,BS75
BS 76,BS76
BS 77,BS77
BS 82,BS82
CT 01,CT01
CT04,CT04
CT 05,CT05
CT 06,CT06
CT 07,CT07
CT 08,CT08
CT 09,CT09
CT 11,CT11
CT 12,CT12
CT 14,CT14
CT 15,CT15
CT 16,CT16
CT 17,CT17
CSK 01,CSK01
CSK 02,CSK02
CSK 03,CSK03
CSK 04,CSK04
DT 02,DT02
DT 05,DT05
DT 07,DT07
DSS 02,DSS02
DS 01,DS01
DS 03,DS03
DS 05,DS05
DS 06,DS06
DS 08,DS08
DS 14,DS14
DS 30,DS30
DS 34,DS34
DS 35,DS35
DS 37,DS37
DS 38,DS38
DS 39,DS39
DS 43,DS43
DS 44,DS44
DS 45,DS45
DS 51,DS51
DS 56,DS56
DS 58,DS58
DS 75,DS75
DS 77,DS77
DS 78,DS78
DS 79,DS79
DS 80,DS80
DS 170,DS170
DS 177,DS177
DS 178,DS178
DS 179,DS179
DS 180,DS180
DS 181,DS181
DS 187,DS187
DS 217,DS217
DS 219,DS219
DS 220,DS220
DS 221,DS221
DS 222,DS222
DS 225,DS225
DS 228,DS228
DS 238,DS238
DS 243,DS243
DS 244,DS244
DS 245,DS245
DS 247,DS247
DS 256,DS256
DS 257,DS257
DS 263,DS263
DS 265,DS265
DS 266,DS266
DS 267,DS267
DS 278,DS278
DS 283,DS283
DS 284,DS284
DS 287,DS287
DS 288,DS288
DS 290,DS290
DS 292,DS292
DS 298,DS298
DS 299,DS299
DS 304,DS304
DS 312,DS312
DS 318,DS318
DS 322,DS322
DS 324,DS324
DS 334,DS334
DS 338,DS338
DS 342,DS342
DS 345,DS345
DS 359,DS359
DS 360,DS360
DS 362,DS362
DS 363,DS363
DS 365,DS365
DS 383,DS383
DS 384,DS384
DS 388,DS388
DS 397,DS397
DS 398,DS398
DS 399,DS399
DS 401,DS401
DS 403,DS403
DS 404,DS404
DS 408,DS408
DS 413,DS413
DS 414,DS414
DS 415,DS415
DS 416,DS416
DS 417,DS417
DS 420,DS420
DS 421,DS421
DS 422,DS422
DS 425,DS425
DS 427,DS427
DS 428,DS428
DS 431,DS431
DS 432,DS432
DS 433,DS433
DS 434,DS434
DS 437,DS437
DS 438,DS438
DS 439,DS439
DS 450,DS450
DS 451,DS451
DS 452,DS452
DS 454,DS454
DS 457,DS457
DS 458,DS458
DS 465,DS465
DS 466,DS466
DS 467,DS467
DS 472,DS472
DS 478,DS478
DS 479,DS479
DS 480,DS480
DS 481,DS481
DS 482,DS482
DS 483,DS483
DS 486,DS486
DS 487,DS487
DS 488,DS488
DS 490,DS490
DS 491,DS491
DS 492,DS492
DS 495,DS495
DS 498,DS498
DS 499,DS499
DS 500,DS500
DS 501,DS501
DS 503,DS503
DS 505,DS505
DS 506,DS506
DS 509,DS509
DS 511,DS511
DS 512,DS512
DS 513,DS513
DS 514,DS514
DS 520,DS520
DS 522,DS522
DS 523,DS523
DS 527,DS527
DS 529,DS529
DS 535,DS535
DS 537,DS537
DS 538,DS538
DS 539,DS539
DS 540,DS540
DS 542,DS542
DS 543,DS543
DS 544,DS544
DS 545,DS545
DS 546,DS546
DS 547,DS547
DS 548,DS548
DS 550,DS550
DS 552,DS552
DS 554,DS554
DS 555,DS555
DS 556,DS556
DS 557,DS557
DS 559,DS559
DS 560,DS560
DS 561,DS561
DS 562,DS562
DS 569,DS569
DB 02,DB02
DB 03,DB03
DB 09,DB09
DB 19,DB19
DB 20,DB20
DB 21,DB21
DB 27,DB27
DB 28,DB28
DB 29,DB29
DB 36,DB36
DB 42,DB42
DB 43,DB43
DB 46,DB46
DB 48,DB48
DB 49,DB49
DB 51,DB51
DB 56,DB56
DB 58,DB58
DB 61,DB61
DB 66,DB66
DB 73,DB73
DB 77,DB77
DB 81,DB81
DB 83,DB83
DB 88,DB88
DB 92,DB92
DB 95,DB95
DB 100,DB100
DB 104,DB104
DB 108,DB108
DB 113,DB113
DB 114,DB114
DB 116,DB116
DB 123,DB123
DB 125,DB125
DB 129,DB129
DB 134,DB134
DB 136,DB136
DB 137,DB137
DB 139,DB139
DB 141,DB141
DB 144,DB144
DB 145,DB145
DB 146,DB146
DB 153,DB153
DB 155,DB155
DB 158,DB158
DB 159,DB159
DB 160,DB160
DB 166,DB166
DB 167,DB167
DB 170,DB170
DB 171,DB171
DB 172,DB172
DB 173,DB173
DB 174,DB174
DB 175,DB175
DB 176,DB176
DB 177,DB177
DB 178,DB178
DB 181,DB181
DB 183,DB183
DB 184,DB184
DB 187,DB187
DB 188,DB188
DB 189,DB189
DB 190,DB190
DB 191,DB191
DB 193,DB193
DB 195,DB195
DB 198,DB198
DB 203,DB203
DB 204,DB204
DB 206,DB206
DB 207,DB207
DB 208,DB208
DB 210,DB210
DB 213,DB213
DB 214,DB214
DB 216,DB216
DB 217,DB217
DB 218,DB218
DB 220,DB220
DB 221,DB221
DB 222,DB222
DB 223,DB223
DB 224,DB224
DB 225,DB225
DB 226,DB226
DB 227,DB227
DB 229,DB229
DB 231,DB231
DB 232,DB232
DB 235,DB235
DB 237,DB237
DB 238,DB238
DB 241,DB241
DB 242,DB242
DB 245,DB245
DB 246,DB246
DB 248,DB248
DB 250,DB250
DB 251,DB251
DB 253,DB253
DB 255,DB255
DB 256,DB256
DB 257,DB257
DB 261,DB261
DB 263,DB263
DB 265,DB265
DB 266,DB266
DB 267,DB267
DB 270,DB270
DM 05,DM05
DM 06,DM06
DM 07,DM07
DM 09,DM09
DM 10,DM10
DM 12,DM12
DM 14,DM14
DM 15,DM15
DP 08,DP08
DP 14,DP14
DP 16,DP16
GST 05,GST05
GST 07,GST07
GST 09,GST09
GST 10,GST10
GST 15,GST15
GST 16,GST16
GST 17,GST17
GST 28,GST28
GST 31,GST31
GST 34,GST34
GST 35,GST35
GST 38,GST38
GST 39,GST39
GST 42,GST42
GST 43,GST43
GST 45,GST45
GST 46,GST46
GST 47,GST47
GST 51,GST51
GST 54,GST54
GST 56,GST56
GST 57,GST57
GST 61,GST61
GST 62,GST62
GST 64,GST64
GST 65,GST65
GST 66,GST66
GST 69,GST69
GST 70,GST70
GST 71,GST71
GST 72,GST72
GST 73,GST73
GST 77,GST77
GST 79,GST79
GST 82,GST82
GST 84,GST84
GST 86,GST86
GST 87,GST87
GST 88,GST88
GST 89,GST89
GST 92,GST92
GST 93,GST93
GST 96,GST96
GST 98,GST98
GST 100,GST100
GST 101,GST101
GST 102,GST102
GST 103,GST103
GST 104,GST104
GST 105,GST105
GST 106,GST106
GST 107,GST107
GST 109,GST109
GST 110,GST110
GST 111,GST111
GST 114,GST114
GST 115,GST115
GST 116,GST116
GST 117,GST117
GST 118,GST118
GST 119,GST119
GST 120,GST120
GST 121,GST121
GST 122,GST122
GST 123,GST123
GST 124,GST124
GST 125,GST125
GST 126,GST126
GST 127,GST127
GST 128,GST128
GST 129,GST129
GST 130,GST130
GST 131,GST131
GST 132,GST132
GST 133,GST133
GST 134,GST134
GST 135,GST135
GST 136,GST136
GST 139,GST139
GST 141,GST141
GST 142,GST142
GST 143,GST143
GST 144,GST144
HLU 03,HLU03
HLU 04,HLU04
HLU 06,HLU06
HLU 07,HLU07
HLU 08,HLU08
HLU 09,HLU09
HLU 10,HLU10
HLU 12,HLU12
HLU 13,HLU13
HLU 17,HLU17
HU 04,HU04
HU 07,HU07
HU 09,HU09
HU 13,HU13
HU 14,HU14
HU 15,HU15
HU 16,HU16
HU 18,HU18
HU 20,HU20
HU 21,HU21
HU 23,HU23
HU 24,HU24
HU 25,HU25
HU 27,HU27
HU 28,HU28
HU 29,HU29
HU 31,HU31
HU 32,HU32
HU 33,HU33
HU 35,HU35
HU 38,HU38
HU 40,HU40
HU 41,HU41
HU 42,HU42
JS 55,JS55
JS 66,JS66
JS 131,JS131
JS 138,JS138
JS 149,JS149
JS 153,JS153
JS 154,JS154
JS 160,JS160
JS 161,JS161
JS 165,JS165
JS 166,JS166
JS 167,JS167
JS 168,JS168
JS 170,JS170
JS 175,JS175
JS 177,JS177
JS 178,JS178
JS 180,JS180
KBS 01,KBS01
KBS 02,KBS02
KBS 03,KBS03
KBS 04,KBS04
KK 01,KK01
KK 02,KK02
KK 04,KK04
KK 06,KK06
MSV 20,MSV20
MSV 23,MSV23
MSV 24,MSV24
MSV 25,MSV25
MSV 26,MSV26
MSV 27,MSV27
MSV 28,MSV28
MSV 29,MSV29
MSV 30,MSV30
MSV 31,MSV31
MSV 32,MSV32
MSV 33,MSV33
MSV 34,MSV34
MSV 36,MSV36
MSV 37,MSV37
MSV 39,MSV39
 MU 02,MU02
MU 10 ,MU10
MU 12,MU12
MU 14,MU14
MU 26,MU26
MU 35,MU35
MU 36,MU36
MU 44,MU44
MU 46,MU46
MU 49,MU49
MU 57,MU57
MU 67,MU67
MU 70,MU70
MU 71,MU71
MU 73,MU73
MU 74,MU74
MU 75,MU75
MU 77,MU77
MU 80,MU80
MKT 10,MKT10
MKT 20,MKT20
MKT 22,MKT22
MKT 23,MKT23
MKT 25,MKT25
MKT 45,MKT45
MKT 47,MKT47
MKT 48,MKT48
MKT 55,MKT55
MKT 56,MKT56
MKT 62,MKT62
MKT 63,MKT63
MKT 64,MKT64
MKT 66,MKT66
MKT 67,MKT67
MKT 70,MKT70
MKT 72,MKT72
MKT 75,MKT75
MKT 89,MKT89
MKT 90,MKT90
MKT 93,MKT93
MKT 95,MKT95
MKT 98,MKT98
MKT 100,MKT100
MKT 102,MKT102
MKT 103,MKT103
MKT 105,MKT105
MKT 106,MKT106
MKT 108,MKT108
MKT 110,MKT110
MKT 111,MKT111
MKT 112,MKT112
MKT 115,MKT115
MKT 116,MKT116
MKT 117,MKT117
MKT 120,MKT120
MKT 121,MKT121
MKT 123,MKT123
MKT 124,MKT124
MKT 125,MKT125
MKT 126,MKT126
MKT 127,MKT127
MKT 128,MKT128
MKT 133,MKT133
MKT 134,MKT134
MKT 135,MKT135
MKT 138,MKT138
MKT 143,MKT143
MKT 146,MKT146
MKT 147,MKT147
MKT 151,MKT151
MKT 152,MKT152
MS 34,MS34
MS 38,MS38
MS 45,MS45
MS 46,MS46
MS 52,MS52
MS 54,MS54
MS 55,MS55
MS 56,MS56
MS 57,MS57
MS 58,MS58
MS 59,MS59
MS 60,MS60
MS 63,MS63
MS 67,MS67
MS 68,MS68
MIT 01,MIT01
MIT 02,MIT02
MIT 03,MIT03
MIT 04,MIT04
MIT 05,MIT05
MIT 06,MIT06
MIT 07,MIT07
MIT 08,MIT08
MIT 09,MIT09
MIT 10,MIT10
MIT 11,MIT11
NS 16,NS16
NS 17,NS17
NS 19,NS19
NS 23,NS23
NS 26,NS26
NS 27,NS27
NS 29,NS29
NS 33,NS33
NS 35,NS35
NS 36,NS36
NS 39,NS39
NS 41,NS41
NS 42,NS42
NS 43,NS43
NS 45,NS45
NS 49,NS49
NPT 01,NPT01
NPT 02,NPT02
NPT 05,NPT05
NPT 06,NPT06
NPT 15,NPT15
NPT 20,NPT20
NPT 22,NPT22
NPT 24,NPT24
NPT 25,NPT25
NPT 37,NPT37
NPT 38,NPT38
NPT 44,NPT44
NPT 52,NPT52
NPT 53,NPT53
NPT 57,NPT57
NPT 61,NPT61
NPT 62,NPT62
NPT 63,NPT63
NPT 64,NPT64
NPT 65,NPT65
NPT 66,NPT66
NPT 67,NPT67
NPT 68,NPT68
NPT 70,NPT70
NPT 71,NPT71
NPT 72,NPT72
NPT 73,NPT73
NPT 74,NPT74
NPT 78,NPT78
NPT 79,NPT79
NPT 80,NPT80
NPT 81,NPT81
NPT 82,NPT82
NPT 83,NPT83
NPT 88,NPT88
NPT 89,NPT89
NPT 90,NPT90
NPT 92,NPT92
NPT 93,NPT93
NSU 06,NSU06
NSU 07,NSU07
NSU 09,NSU09
NSU 14,NSU14
NSU 20,NSU20
PKR 01,PKR01
PKR 10,PKR10
PKR 11,PKR11
PKR 12,PKR12
PKR 27,PKR27
PKR 29,PKR29
PKR 31,PKR31
PKR 35,PKR35
PKR 36,PKR36
PKR 37,PKR37
PKR 38,PKR38
PK 05,PK05
PK 06,PK06
PK 07,PK07
PK 08,PK08
PK 09,PK09
PK 10,PK10
PK 11,PK11
PK 12,PK12
RAJ 01,RAJ01
RAJ 02,RAJ02
RAJ 04,RAJ04
RAJ 10,RAJ10
RAJ 14,RAJ14
RAJ 17,RAJ17
RAJ 18,RAJ18
RAJ 19,RAJ19
RAJ 20,RAJ20
RAJ 24,RAJ24
RAJ 34,RAJ34
RAJ 45,RAJ45
RAJ 57,RAJ57
RAJ 62,RAJ62
RAJ 64,RAJ64
RAJ 73,RAJ73
RAJ 77,RAJ77
RAJ 78,RAJ78
RAJ 79,RAJ79
RAJ 80,RAJ80
RAJ 91,RAJ91
RAJ 92,RAJ92
RAJ 110,RAJ110
RBT 03,RBT03
RBT 05,RBT05
RBT 06,RBT06
RBT 07,RBT07
P-NM 01,P-NM01
P-NM 02,P-NM02
P-NM 03,P-NM03
P-NM 04,P-NM04
P-NM 05,P-NM05
P-NM 06,P-NM06
P-NM 07,P-NM07
P-NM 08,P-NM08
P-NM 08,P-NM08
P-NM 09,P-NM09
P-NM 10,P-NM10
P-NM 11,P-NM11
P-NM 12,P-NM12
P-NM 13,P-NM13
P-NM 14,P-NM14
P-NM 15,P-NM15
P-NM 16,P-NM16
P-NM 17,P-NM17
P-NM 18,P-NM18
P-NM 19,P-NM19
P-NM 20,P-NM20
P-NM 21,P-NM21
P-NM 22,P-NM22
P-NM 23,P-NM23
P-NM 24,P-NM24
P-NM 25,P-NM25
P-NM 26,P-NM26
P-NM 27,P-NM27
P-NM 28,P-NM28
SC -JS 01,SC-JS01
SC -JS 02,SC-JS02
SC-RAJ 01,SC-RAJ01
SC-RAJU 02,SC-RAJU02
SC-SDS 03,SC-SDS03
SC-SDS 03,SC-SDS03
SC-SDS 3,SC-SDS3
product-CONTEMPORARY-EXPRESIONS,product-CONTEMPORARY-EXPRESIONS
MANY-INDIAS,MANY-INDIAS
ARANYAKAS,ARANYAKAS
PRAKRITI,PRAKRITI
skp46,skp46
skp62,skp62
isha,isha
isha,isha
isha,isha
RAJU 33,RAJU33
RAJU 72,RAJU72
RAJU 75,RAJU75
RK 01,RK01
RSU 01,RSU01
RSU 07,RSU07
RSU 23,RSU23
RSU 24,RSU24
RSU 25,RSU25
RSU 43,RSU43
RSU 61,RSU61
RSU 62,RSU62
RSU 63,RSU63
RSU 82,RSU82
RSU 83,RSU83
RSU 84,RSU84
RSU 85,RSU85
RSU 86,RSU86
RSU 87,RSU87
RSU 88,RSU88
RSU 89,RSU89
RSU 90,RSU90
RSU 93,RSU93
RSU 94,RSU94
RSU 95,RSU95
RSU 96,RSU96
RSU 97,RSU97
RSU 100,RSU100
RSU 103,RSU103
RSU 105,RSU105
RSU 107,RSU107
RSU 108,RSU108
RT 05,RT05
RT 07,RT07
RT 12,RT12
RT 13,RT13
RT 17,RT17
RT 23,RT23
RT 24,RT24
RKT 01,RKT01
RKT 13,RKT13
RKT 14,RKT14
RKT 15,RKT15
SK 06,SK06
SM 23,SM23
SM 25,SM25
SM 27,SM27
SM 28,SM28
SM 29,SM29
SM 30,SM30
SM 31,SM31
SM 33,SM33
SDS 08,SDS08
SDS 09,SDS09
SDS 10,SDS10
SDS 11,SDS11
SV 14,SV14
SV 20,SV20
SV 21,SV21
SV 25,SV25
SV 26,SV26
SV 30,SV30
SV 31,SV31
SV 32,SV32
SV 34,SV34
SV 35,SV35
SV 36,SV36
SV 37,SV37
SV 51,SV51
SV 52,SV52
SV 53,SV53
SV 59,SV59
SV 64,SV64
SV 71,SV71
SV 74,SV74
SV 75,SV75
SV 76,SV76
SV 78,SV78
SV 79,SV79
SV 80,SV80
SV 81,SV81
SV 82,SV82
SV 83,SV83
SV 84,SV84
SV 87,SV87
SV 88,SV88
SV 90,SV90
SV 91,SV91
SV 92,SV92
SV 94,SV94
SV 97,SV97
SV 99,SV99
SV 100,SV100
SV 101,SV101
SV 102,SV102
SV 104,SV104
SV 105,SV105
SV 106,SV106
SV 108,SV108
SV 109,SV109
SV 110,SV110
SV 111,SV111
SKD 10,SKD10
SKD 12,SKD12
SKD 14,SKD14
SKD 15,SKD15
SKD 19,SKD19
SKD 27,SKD27
SKD 29,SKD29
SKD 41,SKD41
SKD 44,SKD44
SKD 45,SKD45
SKD 57,SKD57
SKD 64,SKD64
SKD 68,SKD68
SKD 70,SKD70
SKD 74,SKD74
SKD 76,SKD76
SKD 83,SKD83
SKD 90,SKD90
SKD 91,SKD91
SKD 95,SKD95
SKD 97,SKD97
SKD 102,SKD102
SKD 115,SKD115
SKD 123,SKD123
SKD 125,SKD125
SKD 129,SKD129
SKD 187,SKD187
SKD 188,SKD188
SKD 189,SKD189
SKD 190,SKD190
SKD 204,SKD204
SKD 206,SKD206
SKD 209,SKD209
SKD 212,SKD212
SKD 218,SKD218
SKD 220,SKD220
SKD 225,SKD225
SKD 233,SKD233
SKD 238,SKD238
SKD 239,SKD239
SKD 249,SKD249
SKD 250,SKD250
SKD 252,SKD252
SKD 254,SKD254
SKD 256,SKD256
SKD 260,SKD260
SKD 262,SKD262
SKD 265,SKD265
SKD 267,SKD267
SKD 270,SKD270
SKD 271,SKD271
SKD 273,SKD273
SKD 304,SKD304
SKD 305,SKD305
SKD 307,SKD307
SKD 310,SKD310
SKD 325,SKD325
SKD 328,SKD328
SKD 330,SKD330
SKD 333,SKD333
SKD 334,SKD334
SKD 337,SKD337
SKD 339,SKD339
SKD 340,SKD340
SKD 341,SKD341
SKD 343,SKD343
SKD 344,SKD344
SKD 345,SKD345
SKD 346,SKD346
SKD 347,SKD347
SKD 349,SKD349
SKD 350,SKD350
SKD 352,SKD352
SKD 355,SKD355
SKD 359,SKD359
SKD 363,SKD363
SKD 364,SKD364
SKD 365,SKD365
VRSS 83,VRSS83
VRSS 87,VRSS87
VRSS 95,VRSS95
VRSS 100,VRSS100
VRSS 103,VRSS103
VRSS 107,VRSS107
VRSS 108,VRSS108
VRSS 109,VRSS109
VRSS 111,VRSS111
VRSS 118,VRSS118
VRSS 123,VRSS123
VRSS 125,VRSS125
VRSS 129,VRSS129
VRSS 133,VRSS133
VRSS 134,VRSS134
VRSS 135,VRSS135
VRSS 138,VRSS138
VKS 01,VKS01
VKS 02,VKS02
VKS 03,VKS03
VKS 09,VKS09
VKS 11,VKS11
VKS 12,VKS12
VKS 13,VKS13
VKS 14,VKS14
ST 02,ST02
ST 03,ST03
ST 04,ST04
ST 05,ST05
ST 08,ST08
ST 09,ST09
ST 11,ST11
ST 12,ST12
ST 13,ST13
ST 14,ST14
